Model Name,P1,P2,P3,P4,Topsis_Score,Rank
M1,250,16,12,5,0.5342768571821003,3.0
M2,200,16,8,3,0.3083677687324685,5.0
M3,300,32,16,4,0.6916322312675315,1.0
M4,275,32,8,4,0.534736584486838,2.0
M5,225,16,16,2,0.40104612151678615,4.0
